DATE;PRECIP;PET;FLOW_mmday;TEMP
1/1/2015;0.62;;;
2/1/2015;3.03;;;
3/1/2015;2.58;;;
4/1/2015;1.6;;;
5/1/2015;1.22;;;
6/1/2015;0.29;;;
7/1/2015;3.38;;;
8/1/2015;4.72;;;
9/1/2015;5.29;;;
10/1/2015;2.33;;;
11/1/2015;3.11;;;
12/1/2015;0.99;;;
13/1/2015;0.23;;;
14/1/2015;0.85;;;
15/1/2015;2.73;;;
16/1/2015;14.53;;;
17/1/2015;19.92;;;
18/1/2015;14.58;;;
19/1/2015;6.36;;;
20/1/2015;8.13;;;
21/1/2015;10.76;;;
22/1/2015;17.27;;;
23/1/2015;8.82;;;
24/1/2015;12.73;;;
25/1/2015;0.59;;;
26/1/2015;1.34;;;
27/1/2015;6.2;;;
28/1/2015;1;;;
29/1/2015;0.76;;;
30/1/2015;1.6;;;
31/1/2015;3.02;;;
1/2/2015;0.75;;;
2/2/2015;1.22;;;
3/2/2015;0.24;;;
4/2/2015;3.48;;;
5/2/2015;1.29;;;
6/2/2015;15.7;;;
7/2/2015;51.66;;;
8/2/2015;0.73;;;
9/2/2015;0.38;;;
10/2/2015;1.19;;;
11/2/2015;0.21;;;
12/2/2015;3.63;;;
13/2/2015;1.22;;;
14/2/2015;21.67;;;
15/2/2015;3.09;;;
16/2/2015;1.13;;;
17/2/2015;1;;;
18/2/2015;1.07;;;
19/2/2015;2.2;;;
20/2/2015;4.28;;;
21/2/2015;1.61;;;
22/2/2015;3.87;;;
23/2/2015;25.24;;;
24/2/2015;3.4;;;
25/2/2015;0.55;;;
26/2/2015;1.02;;;
27/2/2015;0.85;;;
28/2/2015;0.87;;;
1/3/2015;4.61;;;
2/3/2015;6.2;;;
3/3/2015;1.23;;;
4/3/2015;13.7;;;
5/3/2015;7.3;;;
6/3/2015;1.2;;;
7/3/2015;1.75;;;
8/3/2015;0.63;;;
9/3/2015;0.39;;;
10/3/2015;0.5;;;
11/3/2015;0.4;;;
12/3/2015;0.81;;;
13/3/2015;2.51;;;
14/3/2015;1.54;;;
15/3/2015;1.25;;;
16/3/2015;3.85;;;
17/3/2015;20.18;;;
18/3/2015;9.91;;;
19/3/2015;8.42;;;
20/3/2015;36.04;;;
21/3/2015;6.87;;;
22/3/2015;2.82;;;
23/3/2015;19.42;;;
24/3/2015;7.31;;;
25/3/2015;6.33;;;
26/3/2015;9.04;;;
27/3/2015;6.44;;;
28/3/2015;2.87;;;
29/3/2015;14.75;;;
30/3/2015;8.35;;;
31/3/2015;7.83;;;
1/4/2015;1.52;;;
2/4/2015;2.07;;;
3/4/2015;2.4;;;
4/4/2015;1.21;;;
5/4/2015;3.66;;;
6/4/2015;0.13;;;
7/4/2015;0.7;;;
8/4/2015;1.19;;;
9/4/2015;1.04;;;
10/4/2015;2.54;;;
11/4/2015;1.79;;;
12/4/2015;0.94;;;
13/4/2015;0.14;;;
14/4/2015;23.9;;;
15/4/2015;5.19;;;
16/4/2015;32.97;;;
17/4/2015;15.47;;;
18/4/2015;5.94;;;
19/4/2015;7.47;;;
20/4/2015;13.34;;;
21/4/2015;7.62;;;
22/4/2015;2.28;;;
23/4/2015;1.11;;;
24/4/2015;1.56;;;
25/4/2015;2.92;;;
26/4/2015;1.06;;;
27/4/2015;2.05;;;
28/4/2015;2.13;;;
29/4/2015;1.62;;;
30/4/2015;6.53;;;
1/5/2015;3.61;;;
2/5/2015;0.33;;;
3/5/2015;5.63;;;
4/5/2015;1.9;;;
5/5/2015;25.16;;;
6/5/2015;2.27;;;
7/5/2015;0.98;;;
8/5/2015;2.02;;;
9/5/2015;1.69;;;
10/5/2015;0.46;;;
11/5/2015;2.13;;;
12/5/2015;0.02;;;
13/5/2015;2.74;;;
14/5/2015;6.06;;;
15/5/2015;2.6;;;
16/5/2015;6.05;;;
17/5/2015;3.17;;;
18/5/2015;1.72;;;
19/5/2015;0.86;;;
20/5/2015;1.8;;;
21/5/2015;7.94;;;
22/5/2015;3.77;;;
23/5/2015;6.17;;;
24/5/2015;1.22;;;
25/5/2015;5;;;
26/5/2015;0.76;;;
27/5/2015;1.41;;;
28/5/2015;4.75;;;
29/5/2015;4.99;;;
30/5/2015;2.74;;;
31/5/2015;3.42;;;
1/6/2015;8.43;;;
2/6/2015;1.82;;;
3/6/2015;0.6;;;
4/6/2015;1.82;;;
5/6/2015;1.95;;;
6/6/2015;0.83;;;
7/6/2015;1.45;;;
8/6/2015;4.99;;;
9/6/2015;4.76;;;
10/6/2015;2.47;;;
11/6/2015;2;;;
12/6/2015;1.21;;;
13/6/2015;9.1;;;
14/6/2015;14.73;;;
15/6/2015;4.11;;;
16/6/2015;1.62;;;
17/6/2015;4.94;;;
18/6/2015;2.3;;;
19/6/2015;0.27;;;
20/6/2015;1.63;;;
21/6/2015;8.77;;;
22/6/2015;0.66;;;
23/6/2015;0.84;;;
24/6/2015;1.72;;;
25/6/2015;0.02;;;
26/6/2015;0.04;;;
27/6/2015;0;;;
28/6/2015;2.46;;;
29/6/2015;0.9;;;
30/6/2015;0.14;;;
1/7/2015;0.42;;;
2/7/2015;0.4;;;
3/7/2015;0.16;;;
4/7/2015;0.2;;;
5/7/2015;0.24;;;
6/7/2015;8.31;;;
7/7/2015;31.22;;;
8/7/2015;0.32;;;
9/7/2015;0.27;;;
10/7/2015;0.05;;;
11/7/2015;0.24;;;
12/7/2015;0.68;;;
13/7/2015;0.01;;;
14/7/2015;2.95;;;
15/7/2015;2.05;;;
16/7/2015;0.27;;;
17/7/2015;1.49;;;
18/7/2015;2.87;;;
19/7/2015;0.72;;;
20/7/2015;5.14;;;
21/7/2015;3.58;;;
22/7/2015;10.58;;;
23/7/2015;3.14;;;
24/7/2015;0.94;;;
25/7/2015;1.07;;;
26/7/2015;0.05;;;
27/7/2015;0.02;;;
28/7/2015;0.95;;;
29/7/2015;0.82;;;
30/7/2015;4.93;;;
31/7/2015;0.62;;;
1/8/2015;0.8;;;
2/8/2015;0.4;;;
3/8/2015;0.03;;;
4/8/2015;0.62;;;
5/8/2015;1.74;;;
6/8/2015;0;;;
7/8/2015;0;;;
8/8/2015;5.87;;;
9/8/2015;6.54;;;
10/8/2015;0.75;;;
11/8/2015;0.61;;;
12/8/2015;0.23;;;
13/8/2015;0.37;;;
14/8/2015;0.76;;;
15/8/2015;0.41;;;
16/8/2015;0.46;;;
17/8/2015;0.08;;;
18/8/2015;0.19;;;
19/8/2015;0.42;;;
20/8/2015;0.4;;;
21/8/2015;0.23;;;
22/8/2015;0.95;;;
23/8/2015;1.6;;;
24/8/2015;0.72;;;
25/8/2015;2.89;;;
26/8/2015;0.3;;;
27/8/2015;3.78;;;
28/8/2015;2.01;;;
29/8/2015;1.32;;;
30/8/2015;0.93;;;
31/8/2015;1.87;;;
1/9/2015;1.14;;;
2/9/2015;0.39;;;
3/9/2015;0.28;;;
4/9/2015;0.12;;;
5/9/2015;5.67;;;
6/9/2015;0.69;;;
7/9/2015;2.58;;;
8/9/2015;0.34;;;
9/9/2015;8.74;;;
10/9/2015;0.71;;;
11/9/2015;2.99;;;
12/9/2015;0.15;;;
13/9/2015;0.28;;;
14/9/2015;5.06;;;
15/9/2015;1.66;;;
16/9/2015;0.16;;;
17/9/2015;2.5;;;
18/9/2015;7.3;;;
19/9/2015;2.86;;;
20/9/2015;0.41;;;
21/9/2015;0.85;;;
22/9/2015;0.03;;;
23/9/2015;0.05;;;
24/9/2015;0.22;;;
25/9/2015;0.02;;;
26/9/2015;0;;;
27/9/2015;0.04;;;
28/9/2015;0.17;;;
29/9/2015;0.42;;;
30/9/2015;7.77;;;
1/10/2015;0.32;;;
2/10/2015;0.53;;;
3/10/2015;0;;;
4/10/2015;4.86;;;
5/10/2015;1.13;;;
6/10/2015;0.17;;;
7/10/2015;2.28;;;
8/10/2015;0.16;;;
9/10/2015;0.44;;;
10/10/2015;3.78;;;
11/10/2015;2.26;;;
12/10/2015;0.99;;;
13/10/2015;2.12;;;
14/10/2015;15.88;;;
15/10/2015;21;;;
16/10/2015;18.57;;;
17/10/2015;1.28;;;
18/10/2015;6.26;;;
19/10/2015;0.47;;;
20/10/2015;1.61;;;
21/10/2015;1.16;;;
22/10/2015;0.02;;;
23/10/2015;0.37;;;
24/10/2015;1.63;;;
25/10/2015;15.87;;;
26/10/2015;6.18;;;
27/10/2015;5.96;;;
28/10/2015;0.31;;;
29/10/2015;2.43;;;
30/10/2015;2.16;;;
31/10/2015;0.97;;;
1/11/2015;5.31;;;
2/11/2015;0.35;;;
3/11/2015;0.13;;;
4/11/2015;3.68;;;
5/11/2015;1.85;;;
6/11/2015;4.79;;;
7/11/2015;55.07;;;
8/11/2015;1.82;;;
9/11/2015;9.34;;;
10/11/2015;1.57;;;
11/11/2015;1.46;;;
12/11/2015;0.01;;;
13/11/2015;0;;;
14/11/2015;0.05;;;
15/11/2015;5.3;;;
16/11/2015;2.45;;;
17/11/2015;2.48;;;
18/11/2015;5.18;;;
19/11/2015;0.23;;;
20/11/2015;0.04;;;
21/11/2015;2.01;;;
22/11/2015;7.47;;;
23/11/2015;2.57;;;
24/11/2015;5;;;
25/11/2015;6.15;;;
26/11/2015;6.65;;;
27/11/2015;0.41;;;
28/11/2015;8.13;;;
29/11/2015;1.38;;;
30/11/2015;0;;;
1/12/2015;8.74;;;
2/12/2015;20.38;;;
3/12/2015;3.5;;;
4/12/2015;12.1;;;
5/12/2015;17.46;;;
6/12/2015;3.38;;;
7/12/2015;2.39;;;
8/12/2015;6.31;;;
9/12/2015;2.25;;;
10/12/2015;1.22;;;
11/12/2015;0.47;;;
12/12/2015;0.15;;;
13/12/2015;0.23;;;
14/12/2015;13.54;;;
15/12/2015;4.85;;;
16/12/2015;3.1;;;
17/12/2015;0.63;;;
18/12/2015;1.41;;;
19/12/2015;3.51;;;
20/12/2015;0.6;;;
21/12/2015;0.3;;;
22/12/2015;0.59;;;
23/12/2015;1.03;;;
24/12/2015;2.51;;;
25/12/2015;0.79;;;
26/12/2015;9.74;;;
27/12/2015;0.89;;;
28/12/2015;5.7;;;
29/12/2015;0.3;;;
30/12/2015;1.2;;;
31/12/2015;0.89;;;
1/1/2016;8.82;;;
2/1/2016;15.06;;;
3/1/2016;2.93;;;
4/1/2016;2.82;;;
5/1/2016;8.39;;;
6/1/2016;0.51;;;
7/1/2016;0.32;;;
8/1/2016;18.04;;;
9/1/2016;11.68;;;
10/1/2016;39.34;;;
11/1/2016;6.69;;;
12/1/2016;0.38;;;
13/1/2016;14.12;;;
14/1/2016;4.04;;;
15/1/2016;0.32;;;
16/1/2016;0.72;;;
17/1/2016;0.95;;;
18/1/2016;0.1;;;
19/1/2016;0.92;;;
20/1/2016;5.58;;;
21/1/2016;0.59;;;
22/1/2016;0.38;;;
23/1/2016;0.74;;;
24/1/2016;5.45;;;
25/1/2016;63;;;
26/1/2016;0.17;;;
27/1/2016;0.24;;;
28/1/2016;0.91;;;
29/1/2016;1.36;;;
30/1/2016;1.11;;;
31/1/2016;4.23;;;
1/2/2016;1.82;;;
2/2/2016;0.44;;;
3/2/2016;4.12;;;
4/2/2016;0.9;;;
5/2/2016;3.34;;;
6/2/2016;1.37;;;
7/2/2016;8.88;;;
8/2/2016;1.37;;;
9/2/2016;6.7;;;
10/2/2016;7.81;;;
11/2/2016;3.73;;;
12/2/2016;5.05;;;
13/2/2016;1.95;;;
14/2/2016;0.76;;;
15/2/2016;1.47;;;
16/2/2016;0.29;;;
17/2/2016;4.59;;;
18/2/2016;1.22;;;
19/2/2016;1.32;;;
20/2/2016;1.11;;;
21/2/2016;1.05;;;
22/2/2016;9.34;;;
23/2/2016;22.27;;;
24/2/2016;5.63;;;
25/2/2016;2.19;;;
26/2/2016;3.61;;;
27/2/2016;0.29;;;
28/2/2016;0.2;;;
29/2/2016;6.91;;;
1/3/2016;0.45;;;
2/3/2016;4.38;;;
3/3/2016;4.87;;;
4/3/2016;5.34;;;
5/3/2016;3.77;;;
6/3/2016;8.43;;;
7/3/2016;22.76;;;
8/3/2016;1.1;;;
9/3/2016;18.44;;;
10/3/2016;24.83;;;
11/3/2016;3.97;;;
12/3/2016;10.84;;;
13/3/2016;7.4;;;
14/3/2016;5.12;;;
15/3/2016;0.97;;;
16/3/2016;0.91;;;
17/3/2016;2.69;;;
18/3/2016;0.18;;;
19/3/2016;5.27;;;
20/3/2016;5.54;;;
21/3/2016;0.29;;;
22/3/2016;0.37;;;
23/3/2016;1.45;;;
24/3/2016;0.09;;;
25/3/2016;0.09;;;
26/3/2016;1.78;;;
27/3/2016;0.55;;;
28/3/2016;13.65;;;
29/3/2016;11.9;;;
30/3/2016;42.14;;;
31/3/2016;4.4;;;
1/4/2016;1.74;;;
2/4/2016;27.29;;;
3/4/2016;37.63;;;
4/4/2016;9.39;;;
5/4/2016;16.64;;;
6/4/2016;9.54;;;
7/4/2016;1.83;;;
8/4/2016;0.61;;;
9/4/2016;1.42;;;
10/4/2016;6.25;;;
11/4/2016;2.66;;;
12/4/2016;11.76;;;
13/4/2016;14.41;;;
14/4/2016;2.2;;;
15/4/2016;1.73;;;
16/4/2016;4.7;;;
17/4/2016;0.72;;;
18/4/2016;0.58;;;
19/4/2016;0.32;;;
20/4/2016;1.2;;;
21/4/2016;0.47;;;
22/4/2016;0.87;;;
23/4/2016;2.06;;;
24/4/2016;1.34;;;
25/4/2016;19.13;;;
26/4/2016;2.03;;;
27/4/2016;6.76;;;
28/4/2016;33.8;;;
29/4/2016;19.36;;;
30/4/2016;3.46;;;
1/5/2016;8.09;;;
2/5/2016;18.08;;;
3/5/2016;2.73;;;
4/5/2016;1.33;;;
5/5/2016;0.66;;;
6/5/2016;5.25;;;
7/5/2016;11.44;;;
8/5/2016;0.42;;;
9/5/2016;2.94;;;
10/5/2016;10.01;;;
11/5/2016;2.58;;;
12/5/2016;0.91;;;
13/5/2016;1.23;;;
14/5/2016;4.63;;;
15/5/2016;0.79;;;
16/5/2016;3.75;;;
17/5/2016;0.62;;;
18/5/2016;1.82;;;
19/5/2016;0.07;;;
20/5/2016;1.15;;;
21/5/2016;0.31;;;
22/5/2016;0.56;;;
23/5/2016;0.27;;;
24/5/2016;1.59;;;
25/5/2016;7.98;;;
26/5/2016;11.59;;;
27/5/2016;4.83;;;
28/5/2016;1.23;;;
29/5/2016;9.64;;;
30/5/2016;9.77;;;
31/5/2016;13.31;;;
1/6/2016;10.12;;;
2/6/2016;4.81;;;
3/6/2016;3.98;;;
4/6/2016;3.86;;;
5/6/2016;2;;;
6/6/2016;16.5;;;
7/6/2016;5.19;;;
8/6/2016;16.9;;;
9/6/2016;1.14;;;
10/6/2016;1.15;;;
11/6/2016;1.03;;;
12/6/2016;0.79;;;
13/6/2016;2.21;;;
14/6/2016;0.7;;;
15/6/2016;0.3;;;
16/6/2016;1.22;;;
17/6/2016;1.06;;;
18/6/2016;0.2;;;
19/6/2016;0.33;;;
20/6/2016;1.89;;;
21/6/2016;0.08;;;
22/6/2016;0.68;;;
23/6/2016;5.09;;;
24/6/2016;10.82;;;
25/6/2016;0.68;;;
26/6/2016;1.9;;;
27/6/2016;0.23;;;
28/6/2016;0.77;;;
29/6/2016;0.01;;;
30/6/2016;1.18;;;
1/7/2016;0.32;;;
2/7/2016;3.09;;;
3/7/2016;0.12;;;
4/7/2016;0.07;;;
5/7/2016;7.05;;;
6/7/2016;0.61;;;
7/7/2016;0.52;;;
8/7/2016;0.05;;;
9/7/2016;0.08;;;
10/7/2016;0.26;;;
11/7/2016;0.18;;;
12/7/2016;0.58;;;
13/7/2016;0.43;;;
14/7/2016;0.11;;;
15/7/2016;4.13;;;
16/7/2016;1.27;;;
17/7/2016;4.86;;;
18/7/2016;2.57;;;
19/7/2016;0.39;;;
20/7/2016;2.23;;;
21/7/2016;1.69;;;
22/7/2016;0.45;;;
23/7/2016;2.48;;;
24/7/2016;0.14;;;
25/7/2016;4.74;;;
26/7/2016;0.34;;;
27/7/2016;1.84;;;
28/7/2016;2.64;;;
29/7/2016;6.26;;;
30/7/2016;0.34;;;
31/7/2016;0.03;;;
1/8/2016;0.08;;;
2/8/2016;3.63;;;
3/8/2016;0.55;;;
4/8/2016;0.23;;;
5/8/2016;0.19;;;
6/8/2016;1.4;;;
7/8/2016;0.84;;;
8/8/2016;0.61;;;
9/8/2016;0.33;;;
10/8/2016;0.38;;;
11/8/2016;0.06;;;
12/8/2016;0.64;;;
13/8/2016;0.54;;;
14/8/2016;0.14;;;
15/8/2016;0.92;;;
16/8/2016;0.39;;;
17/8/2016;0.33;;;
18/8/2016;4.29;;;
19/8/2016;7.28;;;
20/8/2016;0.55;;;
21/8/2016;1.01;;;
22/8/2016;0.87;;;
23/8/2016;2.56;;;
24/8/2016;2.57;;;
25/8/2016;1.16;;;
26/8/2016;6.93;;;
27/8/2016;0.24;;;
28/8/2016;0.92;;;
29/8/2016;0.12;;;
30/8/2016;0.53;;;
31/8/2016;2.64;;;
1/9/2016;1.92;;;
2/9/2016;0.44;;;
3/9/2016;0.26;;;
4/9/2016;6.84;;;
5/9/2016;8.13;;;
6/9/2016;3.37;;;
7/9/2016;6.64;;;
8/9/2016;0.11;;;
9/9/2016;0.17;;;
10/9/2016;5.48;;;
11/9/2016;2.35;;;
12/9/2016;0.2;;;
13/9/2016;0.65;;;
14/9/2016;7.57;;;
15/9/2016;10.06;;;
16/9/2016;5.82;;;
17/9/2016;1.28;;;
18/9/2016;2.26;;;
19/9/2016;8.26;;;
20/9/2016;1.63;;;
21/9/2016;2.11;;;
22/9/2016;2.16;;;
23/9/2016;2.83;;;
24/9/2016;0.36;;;
25/9/2016;0.6;;;
26/9/2016;1.14;;;
27/9/2016;0.96;;;
28/9/2016;3.33;;;
29/9/2016;2.62;;;
30/9/2016;5.38;;;
1/10/2016;2.56;;;
2/10/2016;0.85;;;
3/10/2016;1.09;;;
4/10/2016;5.73;;;
5/10/2016;0.37;;;
6/10/2016;0.29;;;
7/10/2016;2.46;;;
8/10/2016;2.6;;;
9/10/2016;1.73;;;
10/10/2016;0.4;;;
11/10/2016;13.89;;;
12/10/2016;6.44;;;
13/10/2016;37.99;;;
14/10/2016;1.24;;;
15/10/2016;6.27;;;
16/10/2016;7.3;;;
17/10/2016;0.34;;;
18/10/2016;0.14;;;
19/10/2016;0.03;;;
20/10/2016;0.07;;;
21/10/2016;0.27;;;
22/10/2016;4.33;;;
23/10/2016;1.51;;;
24/10/2016;12.59;;;
25/10/2016;0.11;;;
26/10/2016;0.79;;;
27/10/2016;0.14;;;
28/10/2016;4.1;;;
29/10/2016;1.12;;;
30/10/2016;0.91;;;
31/10/2016;7.13;;;
1/11/2016;0.66;;;
2/11/2016;1.23;;;
3/11/2016;1.01;;;
4/11/2016;0.92;;;
5/11/2016;2.63;;;
6/11/2016;0.89;;;
7/11/2016;4.31;;;
8/11/2016;1.69;;;
9/11/2016;0.87;;;
10/11/2016;6.04;;;
11/11/2016;18.81;;;
12/11/2016;4.27;;;
13/11/2016;13.97;;;
14/11/2016;2.47;;;
15/11/2016;3.25;;;
16/11/2016;0.61;;;
17/11/2016;0.39;;;
18/11/2016;1.88;;;
19/11/2016;1.98;;;
20/11/2016;0.13;;;
21/11/2016;0.03;;;
22/11/2016;2.11;;;
23/11/2016;0.09;;;
24/11/2016;0.17;;;
25/11/2016;1.58;;;
26/11/2016;0.39;;;
27/11/2016;1.91;;;
28/11/2016;0.11;;;
29/11/2016;5.51;;;
30/11/2016;6.59;;;
1/12/2016;3.06;;;
2/12/2016;11.21;;;
3/12/2016;10.32;;;
4/12/2016;1.21;;;
5/12/2016;2.9;;;
6/12/2016;1.84;;;
7/12/2016;4.67;;;
8/12/2016;3.22;;;
9/12/2016;2.21;;;
10/12/2016;3.99;;;
11/12/2016;3.44;;;
12/12/2016;2.22;;;
13/12/2016;20.03;;;
14/12/2016;3.08;;;
15/12/2016;10.16;;;
16/12/2016;24.2;;;
17/12/2016;4.24;;;
18/12/2016;2.22;;;
19/12/2016;2.57;;;
20/12/2016;0.07;;;
21/12/2016;0.47;;;
22/12/2016;0.19;;;
23/12/2016;1.38;;;
24/12/2016;3.32;;;
25/12/2016;0.22;;;
26/12/2016;1.27;;;
27/12/2016;0.95;;;
28/12/2016;0.09;;;
29/12/2016;5.73;;;
30/12/2016;3.17;;;
31/12/2016;1.68;;;
1/1/2017;2.08;;;
2/1/2017;17.07;;;
3/1/2017;0.43;;;
4/1/2017;16.73;;;
5/1/2017;67.11;;;
6/1/2017;12.24;;;
7/1/2017;1.57;;;
8/1/2017;5.7;;;
9/1/2017;19.77;;;
10/1/2017;4.13;;;
11/1/2017;8.71;;;
12/1/2017;13.79;;;
13/1/2017;3.27;;;
14/1/2017;14.93;;;
15/1/2017;4.9;;;
16/1/2017;0.28;;;
17/1/2017;1.21;;;
18/1/2017;0.27;;;
19/1/2017;2.51;;;
20/1/2017;10.01;;;
21/1/2017;13.77;;;
22/1/2017;1.87;;;
23/1/2017;4;;;
24/1/2017;1.41;;;
25/1/2017;0.64;;;
26/1/2017;3.79;;;
27/1/2017;2.52;;;
28/1/2017;0.83;;;
29/1/2017;5.39;;;
30/1/2017;9.58;;;
31/1/2017;2.5;;;
1/2/2017;1.39;;;
2/2/2017;4.68;;;
3/2/2017;0.88;;;
4/2/2017;0.5;;;
5/2/2017;0.96;;;
6/2/2017;1.13;;;
7/2/2017;0.99;;;
8/2/2017;0.19;;;
9/2/2017;5.62;;;
10/2/2017;1.94;;;
11/2/2017;9.98;;;
12/2/2017;16.94;;;
13/2/2017;15.2;;;
14/2/2017;7.52;;;
15/2/2017;8.85;;;
16/2/2017;4.93;;;
17/2/2017;4.36;;;
18/2/2017;3.65;;;
19/2/2017;0.79;;;
20/2/2017;4.82;;;
21/2/2017;3.29;;;
22/2/2017;34.07;;;
23/2/2017;0.66;;;
24/2/2017;3.21;;;
25/2/2017;3.23;;;
26/2/2017;5.6;;;
27/2/2017;1.45;;;
28/2/2017;1.99;;;
1/3/2017;9.05;;;
2/3/2017;1.64;;;
3/3/2017;9.81;;;
4/3/2017;0.49;;;
5/3/2017;2.72;;;
6/3/2017;1.1;;;
7/3/2017;3.61;;;
8/3/2017;16.06;;;
9/3/2017;5.29;;;
10/3/2017;26.42;;;
11/3/2017;12.29;;;
12/3/2017;15.66;;;
13/3/2017;3.24;;;
14/3/2017;17.48;;;
15/3/2017;19.5;;;
16/3/2017;7.82;;;
17/3/2017;1.82;;;
18/3/2017;4.12;;;
19/3/2017;22.07;;;
20/3/2017;10.4;;;
21/3/2017;0.54;;;
22/3/2017;31.32;;;
23/3/2017;3.06;;;
24/3/2017;2.79;;;
25/3/2017;8.93;;;
26/3/2017;34.26;;;
27/3/2017;4.14;;;
28/3/2017;1.55;;;
29/3/2017;3.65;;;
30/3/2017;7.24;;;
31/3/2017;14.19;;;
1/4/2017;13.42;;;
2/4/2017;4.64;;;
3/4/2017;1.9;;;
4/4/2017;1.07;;;
5/4/2017;1.59;;;
6/4/2017;0.5;;;
7/4/2017;3.61;;;
8/4/2017;7.76;;;
9/4/2017;11.36;;;
10/4/2017;9.62;;;
11/4/2017;4.32;;;
12/4/2017;21.19;;;
13/4/2017;7.3;;;
14/4/2017;8.74;;;
15/4/2017;1.96;;;
16/4/2017;5.02;;;
17/4/2017;19.69;;;
18/4/2017;15.82;;;
19/4/2017;9.18;;;
20/4/2017;5.68;;;
21/4/2017;3.64;;;
22/4/2017;1.36;;;
23/4/2017;1.05;;;
24/4/2017;18.81;;;
25/4/2017;6.18;;;
26/4/2017;12.2;;;
27/4/2017;0.37;;;
28/4/2017;1.04;;;
29/4/2017;2.99;;;
30/4/2017;4.71;;;
1/5/2017;13.38;;;
2/5/2017;1.79;;;
3/5/2017;3.95;;;
4/5/2017;8.76;;;
5/5/2017;12.17;;;
6/5/2017;1.76;;;
7/5/2017;10.06;;;
8/5/2017;5.07;;;
9/5/2017;1.28;;;
10/5/2017;18.46;;;
11/5/2017;15.65;;;
12/5/2017;17.13;;;
13/5/2017;5.61;;;
14/5/2017;12.43;;;
15/5/2017;19.92;;;
16/5/2017;24.95;;;
17/5/2017;5.84;;;
18/5/2017;5.72;;;
19/5/2017;0.22;;;
20/5/2017;0.72;;;
21/5/2017;3.45;;;
22/5/2017;11.41;;;
23/5/2017;1.33;;;
24/5/2017;1.17;;;
25/5/2017;0.64;;;
26/5/2017;3.03;;;
27/5/2017;1.01;;;
28/5/2017;0.6;;;
29/5/2017;0.36;;;
30/5/2017;2.23;;;
31/5/2017;0.75;;;
1/6/2017;0.73;;;
2/6/2017;0.02;;;
3/6/2017;0.38;;;
4/6/2017;2.26;;;
5/6/2017;0.86;;;
6/6/2017;2.35;;;
7/6/2017;1.97;;;
8/6/2017;16.2;;;
9/6/2017;10.81;;;
10/6/2017;8.58;;;
11/6/2017;4.98;;;
12/6/2017;9.24;;;
13/6/2017;23.09;;;
14/6/2017;2.28;;;
15/6/2017;4.26;;;
16/6/2017;2.78;;;
17/6/2017;0.43;;;
18/6/2017;3.08;;;
19/6/2017;1.8;;;
20/6/2017;17.53;;;
21/6/2017;7.65;;;
22/6/2017;1.16;;;
23/6/2017;1.24;;;
24/6/2017;0;;;
25/6/2017;0.54;;;
26/6/2017;2.49;;;
27/6/2017;2.17;;;
28/6/2017;3.78;;;
29/6/2017;5.37;;;
30/6/2017;1.55;;;
1/7/2017;1.35;;;
2/7/2017;0.29;;;
3/7/2017;4.78;;;
4/7/2017;0.41;;;
5/7/2017;1.28;;;
6/7/2017;1.22;;;
7/7/2017;0.13;;;
8/7/2017;1.33;;;
9/7/2017;0.18;;;
10/7/2017;0.14;;;
11/7/2017;0.57;;;
12/7/2017;2.51;;;
13/7/2017;5.74;;;
14/7/2017;0.63;;;
15/7/2017;1.89;;;
16/7/2017;1.14;;;
17/7/2017;8.81;;;
18/7/2017;0.43;;;
19/7/2017;2.31;;;
20/7/2017;0.26;;;
21/7/2017;0.1;;;
22/7/2017;0;;;
23/7/2017;0.24;;;
24/7/2017;0.85;;;
25/7/2017;0.77;;;
26/7/2017;0.05;;;
27/7/2017;2.72;;;
28/7/2017;0;;;
29/7/2017;0.03;;;
30/7/2017;2.68;;;
31/7/2017;2.91;;;
1/8/2017;1.57;;;
2/8/2017;0.38;;;
3/8/2017;0;;;
4/8/2017;0.96;;;
5/8/2017;1.34;;;
6/8/2017;0.27;;;
7/8/2017;1.75;;;
8/8/2017;0.28;;;
9/8/2017;2.5;;;
10/8/2017;1.32;;;
11/8/2017;0.09;;;
12/8/2017;1.52;;;
13/8/2017;0.05;;;
14/8/2017;0.22;;;
15/8/2017;0.29;;;
16/8/2017;0.02;;;
17/8/2017;0.02;;;
18/8/2017;0.59;;;
19/8/2017;16.15;;;
20/8/2017;14.24;;;
21/8/2017;6.21;;;
22/8/2017;2.99;;;
23/8/2017;0.57;;;
24/8/2017;0.08;;;
25/8/2017;6.84;;;
26/8/2017;1.35;;;
27/8/2017;1.39;;;
28/8/2017;2.32;;;
29/8/2017;8.02;;;
30/8/2017;0.91;;;
31/8/2017;0.31;;;
1/9/2017;1.47;;;
2/9/2017;0.05;;;
3/9/2017;1.28;;;
4/9/2017;0;;;
5/9/2017;0.12;;;
6/9/2017;0.71;;;
7/9/2017;0.55;;;
8/9/2017;3.31;;;
9/9/2017;2.45;;;
10/9/2017;8.1;;;
11/9/2017;1.34;;;
12/9/2017;0.6;;;
13/9/2017;3.16;;;
14/9/2017;1.31;;;
15/9/2017;0.84;;;
16/9/2017;0.44;;;
17/9/2017;0.35;;;
18/9/2017;0.61;;;
19/9/2017;0.07;;;
20/9/2017;1.99;;;
21/9/2017;1.05;;;
22/9/2017;0.53;;;
23/9/2017;1.18;;;
24/9/2017;4.4;;;
25/9/2017;0.35;;;
26/9/2017;0.92;;;
27/9/2017;0.48;;;
28/9/2017;2.08;;;
29/9/2017;3.37;;;
30/9/2017;10.65;;;
1/10/2017;0.09;;;
2/10/2017;0.57;;;
3/10/2017;0.16;;;
4/10/2017;16.21;;;
5/10/2017;24.06;;;
6/10/2017;6.95;;;
7/10/2017;5.96;;;
8/10/2017;8.76;;;
9/10/2017;7.22;;;
10/10/2017;0.53;;;
11/10/2017;0.06;;;
12/10/2017;1.33;;;
13/10/2017;4.19;;;
14/10/2017;0.55;;;
15/10/2017;2.27;;;
16/10/2017;1.44;;;
17/10/2017;0;;;
18/10/2017;0;;;
19/10/2017;0.11;;;
20/10/2017;0.09;;;
21/10/2017;1.11;;;
22/10/2017;0.33;;;
23/10/2017;1.32;;;
24/10/2017;3.52;;;
25/10/2017;11.32;;;
26/10/2017;1.72;;;
27/10/2017;7.8;;;
28/10/2017;12.09;;;
29/10/2017;7.25;;;
30/10/2017;2.39;;;
31/10/2017;1.31;;;
1/11/2017;0.35;;;
2/11/2017;5.68;;;
3/11/2017;0.13;;;
4/11/2017;0.03;;;
5/11/2017;4.1;;;
6/11/2017;3.82;;;
7/11/2017;0.7;;;
8/11/2017;3.25;;;
9/11/2017;0;;;
10/11/2017;0.08;;;
11/11/2017;1.32;;;
12/11/2017;0;;;
13/11/2017;3.36;;;
14/11/2017;0.87;;;
15/11/2017;2.26;;;
16/11/2017;3.45;;;
17/11/2017;0.52;;;
18/11/2017;2.86;;;
19/11/2017;0.72;;;
20/11/2017;3.67;;;
21/11/2017;7.26;;;
22/11/2017;1.76;;;
23/11/2017;21.47;;;
24/11/2017;10.12;;;
25/11/2017;0.13;;;
26/11/2017;0.03;;;
27/11/2017;2.36;;;
28/11/2017;1.42;;;
29/11/2017;3.97;;;
30/11/2017;4.82;;;
1/12/2017;1.77;;;
2/12/2017;11.65;;;
3/12/2017;3.22;;;
4/12/2017;1.87;;;
5/12/2017;3.09;;;
6/12/2017;1.21;;;
7/12/2017;2.8;;;
8/12/2017;0;;;
9/12/2017;6.47;;;
10/12/2017;16.2;;;
11/12/2017;8.39;;;
12/12/2017;3.24;;;
13/12/2017;3.12;;;
14/12/2017;0.85;;;
15/12/2017;0.07;;;
16/12/2017;0.03;;;
17/12/2017;0.04;;;
18/12/2017;6.26;;;
19/12/2017;0.02;;;
20/12/2017;0;;;
21/12/2017;4.58;;;
22/12/2017;0.28;;;
23/12/2017;3.92;;;
24/12/2017;0;;;
25/12/2017;0;;;
26/12/2017;0.69;;;
27/12/2017;7.26;;;
28/12/2017;9.89;;;
29/12/2017;31.39;;;
30/12/2017;4.7;;;
31/12/2017;8.68;;;
1/1/2018;49.77;;;
2/1/2018;9.86;;;
3/1/2018;0.94;;;
4/1/2018;0.88;;;
5/1/2018;2.83;;;
6/1/2018;0.9;;;
7/1/2018;2.33;;;
8/1/2018;1.63;;;
9/1/2018;1.11;;;
10/1/2018;5.61;;;
11/1/2018;2.35;;;
12/1/2018;5.31;;;
13/1/2018;2.54;;;
14/1/2018;6.17;;;
15/1/2018;6.65;;;
16/1/2018;7.12;;;
17/1/2018;2.08;;;
18/1/2018;1.37;;;
19/1/2018;0.84;;;
20/1/2018;4.72;;;
21/1/2018;1.11;;;
22/1/2018;4.92;;;
23/1/2018;0.62;;;
24/1/2018;0.22;;;
25/1/2018;0.77;;;
26/1/2018;0.46;;;
27/1/2018;1.73;;;
28/1/2018;0.13;;;
29/1/2018;0.22;;;
30/1/2018;0.02;;;
31/1/2018;0.67;;;
1/2/2018;1.78;;;
2/2/2018;7.76;;;
3/2/2018;10.16;;;
4/2/2018;0.21;;;
5/2/2018;1.93;;;
6/2/2018;6.21;;;
7/2/2018;4.21;;;
8/2/2018;0.02;;;
9/2/2018;0.07;;;
10/2/2018;0.69;;;
11/2/2018;11.04;;;
12/2/2018;0.88;;;
13/2/2018;1.8;;;
14/2/2018;3.76;;;
15/2/2018;8.89;;;
16/2/2018;6.4;;;
17/2/2018;23.02;;;
18/2/2018;11.08;;;
19/2/2018;25.85;;;
20/2/2018;8.51;;;
21/2/2018;5.48;;;
22/2/2018;23.4;;;
23/2/2018;4.35;;;
24/2/2018;16.7;;;
25/2/2018;1.88;;;
26/2/2018;7.9;;;
27/2/2018;6.19;;;
28/2/2018;4.83;;;
1/3/2018;3.74;;;
2/3/2018;13.67;;;
3/3/2018;1.2;;;
4/3/2018;1.83;;;
5/3/2018;2.36;;;
6/3/2018;2.04;;;
7/3/2018;1.09;;;
8/3/2018;0.27;;;
9/3/2018;1.64;;;
10/3/2018;1.26;;;
11/3/2018;2.73;;;
12/3/2018;0.54;;;
13/3/2018;0.74;;;
14/3/2018;0.55;;;
15/3/2018;1.73;;;
16/3/2018;2.67;;;
17/3/2018;3.26;;;
18/3/2018;1.49;;;
19/3/2018;33.34;;;
20/3/2018;4.62;;;
21/3/2018;10.78;;;
22/3/2018;2.64;;;
23/3/2018;45.13;;;
24/3/2018;6.81;;;
25/3/2018;5.22;;;
26/3/2018;0.13;;;
27/3/2018;2.6;;;
28/3/2018;4.81;;;
29/3/2018;6.13;;;
30/3/2018;5.21;;;
31/3/2018;12.27;;;
1/4/2018;12.47;;;
2/4/2018;7.64;;;
3/4/2018;6.99;;;
4/4/2018;19.67;;;
5/4/2018;3.68;;;
6/4/2018;13.84;;;
7/4/2018;2.49;;;
8/4/2018;3.36;;;
9/4/2018;1.82;;;
10/4/2018;14.52;;;
11/4/2018;3.31;;;
12/4/2018;0.58;;;
13/4/2018;1.75;;;
14/4/2018;10.16;;;
15/4/2018;1.16;;;
16/4/2018;2.31;;;
17/4/2018;3.28;;;
18/4/2018;1.82;;;
19/4/2018;0.86;;;
20/4/2018;0.39;;;
21/4/2018;1.22;;;
22/4/2018;1.85;;;
23/4/2018;0.36;;;
24/4/2018;0.12;;;
25/4/2018;8.16;;;
26/4/2018;6.12;;;
27/4/2018;2.07;;;
28/4/2018;11.28;;;
29/4/2018;9.95;;;
30/4/2018;3.75;;;
1/5/2018;13.13;;;
2/5/2018;5.1;;;
3/5/2018;7.13;;;
4/5/2018;9.74;;;
5/5/2018;15.89;;;
6/5/2018;2.09;;;
7/5/2018;23.64;;;
8/5/2018;4.5;;;
9/5/2018;5.68;;;
10/5/2018;14.45;;;
11/5/2018;1.19;;;
12/5/2018;1.81;;;
13/5/2018;7.67;;;
14/5/2018;2.36;;;
15/5/2018;8.22;;;
16/5/2018;13.66;;;
17/5/2018;0.75;;;
18/5/2018;3.82;;;
19/5/2018;4;;;
20/5/2018;2.52;;;
21/5/2018;1.42;;;
22/5/2018;2.36;;;
23/5/2018;1.73;;;
24/5/2018;1.86;;;
25/5/2018;0.5;;;
26/5/2018;4.69;;;
27/5/2018;1.67;;;
28/5/2018;2.25;;;
29/5/2018;1.7;;;
30/5/2018;1.75;;;
31/5/2018;8.35;;;
1/6/2018;4.65;;;
2/6/2018;1.31;;;
3/6/2018;2.32;;;
4/6/2018;0.98;;;
5/6/2018;0.65;;;
6/6/2018;0.96;;;
7/6/2018;0.26;;;
8/6/2018;0.07;;;
9/6/2018;0.01;;;
10/6/2018;7.3;;;
11/6/2018;17.45;;;
12/6/2018;1.44;;;
13/6/2018;2.04;;;
14/6/2018;4.52;;;
15/6/2018;1.19;;;
16/6/2018;1.16;;;
17/6/2018;0.8;;;
18/6/2018;1.73;;;
19/6/2018;0.75;;;
20/6/2018;0.8;;;
21/6/2018;0.17;;;
22/6/2018;0.48;;;
23/6/2018;1.03;;;
24/6/2018;1.71;;;
25/6/2018;3.96;;;
26/6/2018;1.01;;;
27/6/2018;2.24;;;
28/6/2018;2.29;;;
29/6/2018;2.46;;;
30/6/2018;1.87;;;
1/7/2018;12.77;;;
2/7/2018;1.42;;;
3/7/2018;0.97;;;
4/7/2018;1.77;;;
5/7/2018;1.35;;;
6/7/2018;1.18;;;
7/7/2018;3.4;;;
8/7/2018;0.38;;;
9/7/2018;0.69;;;
10/7/2018;0;;;
11/7/2018;0.28;;;
12/7/2018;0.65;;;
13/7/2018;0.52;;;
14/7/2018;0.26;;;
15/7/2018;0.89;;;
16/7/2018;0.08;;;
17/7/2018;0.36;;;
18/7/2018;0;;;
19/7/2018;0.07;;;
20/7/2018;0.6;;;
21/7/2018;0.33;;;
22/7/2018;2.98;;;
23/7/2018;0.42;;;
24/7/2018;0.01;;;
25/7/2018;1.05;;;
26/7/2018;1.22;;;
27/7/2018;4.16;;;
28/7/2018;1.19;;;
29/7/2018;0.29;;;
30/7/2018;3.93;;;
31/7/2018;15.45;;;
1/8/2018;9.41;;;
2/8/2018;3.86;;;
3/8/2018;0.29;;;
4/8/2018;28.43;;;
5/8/2018;0.41;;;
6/8/2018;0.25;;;
7/8/2018;0.35;;;
8/8/2018;0.29;;;
9/8/2018;0;;;
10/8/2018;0.16;;;
11/8/2018;0.04;;;
12/8/2018;0.13;;;
13/8/2018;0.21;;;
14/8/2018;0.08;;;
15/8/2018;0.09;;;
16/8/2018;0.12;;;
17/8/2018;0.88;;;
18/8/2018;0.24;;;
19/8/2018;0.23;;;
20/8/2018;0.82;;;
21/8/2018;0.19;;;
22/8/2018;0.51;;;
23/8/2018;0.1;;;
24/8/2018;0.4;;;
25/8/2018;0.89;;;
26/8/2018;1.21;;;
27/8/2018;7.56;;;
28/8/2018;2.43;;;
29/8/2018;0.32;;;
30/8/2018;0.2;;;
31/8/2018;0.14;;;
1/9/2018;0.2;;;
2/9/2018;0.52;;;
3/9/2018;2.18;;;
4/9/2018;4.93;;;
5/9/2018;1.08;;;
6/9/2018;0.75;;;
7/9/2018;0.32;;;
8/9/2018;0.73;;;
9/9/2018;0.43;;;
10/9/2018;0.23;;;
11/9/2018;2.56;;;
12/9/2018;2.16;;;
13/9/2018;2.28;;;
14/9/2018;5.7;;;
15/9/2018;1.33;;;
16/9/2018;21.74;;;
17/9/2018;14.61;;;
18/9/2018;0.77;;;
19/9/2018;2.96;;;
20/9/2018;0.93;;;
21/9/2018;0.48;;;
22/9/2018;0.7;;;
23/9/2018;0.46;;;
24/9/2018;0.08;;;
25/9/2018;0.14;;;
26/9/2018;0.51;;;
27/9/2018;0.47;;;
28/9/2018;0.27;;;
29/9/2018;0.52;;;
30/9/2018;1.45;;;
1/10/2018;1.61;;;
2/10/2018;1.55;;;
3/10/2018;0.72;;;
4/10/2018;0.7;;;
5/10/2018;0.99;;;
6/10/2018;2.15;;;
7/10/2018;0.4;;;
8/10/2018;15.37;;;
9/10/2018;2.96;;;
10/10/2018;4.46;;;
11/10/2018;3.96;;;
12/10/2018;1.02;;;
13/10/2018;1.86;;;
14/10/2018;1.12;;;
15/10/2018;0.54;;;
16/10/2018;0.27;;;
17/10/2018;0.49;;;
18/10/2018;0.86;;;
19/10/2018;9.67;;;
20/10/2018;1.19;;;
21/10/2018;1.65;;;
22/10/2018;1.33;;;
23/10/2018;9.41;;;
24/10/2018;4.28;;;
25/10/2018;3.63;;;
26/10/2018;0.55;;;
27/10/2018;2.91;;;
28/10/2018;1.31;;;
29/10/2018;1.05;;;
30/10/2018;0.42;;;
31/10/2018;5.84;;;
1/11/2018;3.88;;;
2/11/2018;2.16;;;
3/11/2018;5.64;;;
4/11/2018;6.03;;;
5/11/2018;5.38;;;
6/11/2018;2.58;;;
7/11/2018;0.5;;;
8/11/2018;2;;;
9/11/2018;3.65;;;
10/11/2018;1.44;;;
11/11/2018;4.77;;;
12/11/2018;12.02;;;
13/11/2018;3.03;;;
14/11/2018;5.41;;;
15/11/2018;1.59;;;
16/11/2018;21.21;;;
17/11/2018;9.31;;;
18/11/2018;6.05;;;
19/11/2018;1.58;;;
20/11/2018;4.66;;;
21/11/2018;6.18;;;
22/11/2018;3.6;;;
23/11/2018;0.17;;;
24/11/2018;0.28;;;
25/11/2018;1.85;;;
26/11/2018;11.2;;;
27/11/2018;9.51;;;
28/11/2018;3.97;;;
29/11/2018;9.5;;;
30/11/2018;14.21;;;
1/12/2018;2.75;;;
2/12/2018;5.42;;;
3/12/2018;4.69;;;
4/12/2018;3.51;;;
5/12/2018;6.31;;;
6/12/2018;15.25;;;
7/12/2018;2.68;;;
8/12/2018;1.34;;;
9/12/2018;2.32;;;
10/12/2018;0.44;;;
11/12/2018;3.32;;;
12/12/2018;2.28;;;
13/12/2018;2.61;;;
14/12/2018;3.4;;;
15/12/2018;0.15;;;
16/12/2018;1.14;;;
17/12/2018;1.3;;;
18/12/2018;3.45;;;
19/12/2018;4.95;;;
20/12/2018;2.78;;;
21/12/2018;2.17;;;
22/12/2018;8.65;;;
23/12/2018;4.49;;;
24/12/2018;8.32;;;
25/12/2018;1.7;;;
26/12/2018;0.91;;;
27/12/2018;3.7;;;
28/12/2018;0.75;;;
29/12/2018;0.59;;;
30/12/2018;0.8;;;
31/12/2018;0.08;;;
1/1/2019;0.56;;;
2/1/2019;0.31;;;
3/1/2019;1.33;;;
4/1/2019;0.93;;;
5/1/2019;1.34;;;
6/1/2019;11.31;;;
7/1/2019;18.47;;;
8/1/2019;3.44;;;
9/1/2019;7.61;;;
10/1/2019;9.99;;;
11/1/2019;8.8;;;
12/1/2019;1.28;;;
13/1/2019;9.96;;;
14/1/2019;3.27;;;
15/1/2019;2.34;;;
16/1/2019;0.44;;;
17/1/2019;0.73;;;
18/1/2019;1.29;;;
19/1/2019;1.83;;;
20/1/2019;0.68;;;
21/1/2019;0.84;;;
22/1/2019;0.6;;;
23/1/2019;0.54;;;
24/1/2019;0.18;;;
25/1/2019;0.47;;;
26/1/2019;1.27;;;
27/1/2019;0.86;;;
28/1/2019;5;;;
29/1/2019;8.17;;;
30/1/2019;43.53;;;
31/1/2019;0.66;;;
1/2/2019;3.38;;;
2/2/2019;1.48;;;
3/2/2019;1.49;;;
4/2/2019;2.95;;;
5/2/2019;2.41;;;
6/2/2019;1.15;;;
7/2/2019;13.14;;;
8/2/2019;0.89;;;
9/2/2019;1.42;;;
10/2/2019;1.61;;;
11/2/2019;0.89;;;
12/2/2019;0.31;;;
13/2/2019;1.61;;;
14/2/2019;0.8;;;
15/2/2019;1.12;;;
16/2/2019;0.69;;;
17/2/2019;0.55;;;
18/2/2019;2.62;;;
19/2/2019;4.48;;;
20/2/2019;14.01;;;
21/2/2019;2.74;;;
22/2/2019;0.37;;;
23/2/2019;6.24;;;
24/2/2019;37.79;;;
25/2/2019;24.59;;;
26/2/2019;3.25;;;
27/2/2019;7.84;;;
28/2/2019;17.85;;;
1/3/2019;12.48;;;
2/3/2019;7.5;;;
3/3/2019;13.89;;;
4/3/2019;5.43;;;
5/3/2019;1.53;;;
6/3/2019;2.49;;;
7/3/2019;5.87;;;
8/3/2019;1.45;;;
9/3/2019;0.07;;;
10/3/2019;1.57;;;
11/3/2019;0.85;;;
12/3/2019;3.27;;;
13/3/2019;6.29;;;
14/3/2019;1.84;;;
15/3/2019;2.95;;;
16/3/2019;1.14;;;
17/3/2019;3.72;;;
18/3/2019;1.23;;;
19/3/2019;13.17;;;
20/3/2019;6.87;;;
21/3/2019;24.2;;;
22/3/2019;12.35;;;
23/3/2019;7.78;;;
24/3/2019;15.93;;;
25/3/2019;11.27;;;
26/3/2019;3.25;;;
27/3/2019;3.55;;;
28/3/2019;5.75;;;
29/3/2019;5.47;;;
30/3/2019;9.19;;;
31/3/2019;1.39;;;
1/4/2019;1.91;;;
2/4/2019;5.37;;;
3/4/2019;15.88;;;
4/4/2019;1.39;;;
5/4/2019;1.58;;;
6/4/2019;4.12;;;
7/4/2019;3.68;;;
8/4/2019;1.87;;;
9/4/2019;3.35;;;
10/4/2019;0.83;;;
11/4/2019;2.9;;;
12/4/2019;2.52;;;
13/4/2019;1.74;;;
14/4/2019;5.19;;;
15/4/2019;2;;;
16/4/2019;1.05;;;
17/4/2019;2.81;;;
18/4/2019;3.7;;;
19/4/2019;28.87;;;
20/4/2019;19.36;;;
21/4/2019;9.19;;;
22/4/2019;12.7;;;
23/4/2019;6.35;;;
24/4/2019;13.6;;;
